1000,WIE,Wien
1004,WIE,Wien
1010,WIE,Wien
1011,WIE,Wien Postfach
1012,WIE,Wien
1013,WIE,Wien
1014,WIE,Wien
1015,WIE,Wien
1016,WIE,Wien
1017,WIE,Wien-Parlament
1018,WIE,Wien
1020,WIE,Wien
1021,WIE,Wien Postfach
1022,WIE,Wien
1023,WIE,Wien
1024,WIE,Wien
1025,WIE,Wien
1026,WIE,Wien
1029,WIE,Wien
1030,WIE,Wien
1031,WIE,Wien Postfach
1032,WIE,Wien
1033,WIE,Wien
1034,WIE,Wien
1035,WIE,Wien
1037,WIE,Wien
1038,WIE,Wien
1039,WIE,Wien
1040,WIE,Wien
1041,WIE,Wien Postfach
1042,WIE,Wien
1043,WIE,Wien
1045,WIE,Wien
1046,WIE,Wien
1047,WIE,Wien
1050,WIE,Wien
1051,WIE,Wien Postfach
1052,WIE,Wien
1053,WIE,Wien
1054,WIE,Wien
1060,WIE,Wien
1061,WIE,Wien Postfach
1062,WIE,Wien
1063,WIE,Wien-VÖPh
1064,WIE,Wien
1065,WIE,Wien
1070,WIE,Wien
1071,WIE,Wien Postfach
1072,WIE,Wien
1075,WIE,Wien
1080,WIE,Wien
1081,WIE,Wien Postfach
1082,WIE,Wien
1090,WIE,Wien
1091,WIE,Wien Postfach
1092,WIE,Wien
1093,WIE,Wien
1094,WIE,Wien
1095,WIE,Wien
1096,WIE,Wien
1097,WIE,Wien
1100,WIE,Wien
1101,WIE,Wien Postfach
1102,WIE,Wien
1103,WIE,Wien
1104,WIE,Wien
1105,WIE,Wien
1106,WIE,Wien
1107,WIE,Wien
1108,WIE,Wien
1109,WIE,Wien
1110,WIE,Wien
1111,WIE,Wien Postfach
1112,WIE,Wien
1113,WIE,Wien
1114,WIE,Wien
1115,WIE,Wien
1116,WIE,Wien
1117,WIE,Wien
1120,WIE,Wien
1121,WIE,Wien Postfach
1122,WIE,Wien
1124,WIE,Wien
1125,WIE,Wien
1127,WIE,Wien
1128,WIE,Wien
1130,WIE,Wien
1131,WIE,Wien Postfach
1132,WIE,Wien
1134,WIE,Wien
1136,WIE,Wien
1140,WIE,Wien
1141,WIE,Wien Postfach
1142,WIE,Wien
1143,WIE,Wien
1144,WIE,Wien
1145,WIE,Wien
1146,WIE,Wien
1147,WIE,Wien
1148,WIE,Wien
1150,WIE,Wien
1151,WIE,Wien Postfach
1152,WIE,Wien
1153,WIE,Wien
1155,WIE,Wien
1160,WIE,Wien
1161,WIE,Wien Postfach
1162,WIE,Wien
1163,WIE,Wien
1165,WIE,Wien
1166,WIE,Wien
1170,WIE,Wien
1171,WIE,Wien Postfach
1172,WIE,Wien
1173,WIE,Wien
1174,WIE,Wien
1180,WIE,Wien
1181,WIE,Wien Postfach
1182,WIE,Wien
1183,WIE,Wien
1184,WIE,Wien
1190,WIE,Wien
1191,WIE,Wien Postfach
1192,WIE,Wien
1193,WIE,Wien
1194,WIE,Wien
1195,WIE,Wien
1196,WIE,Wien
1200,WIE,Wien
1201,WIE,Wien Postfach
1202,WIE,Wien
1203,WIE,Wien
1205,WIE,Wien
1206,WIE,Wien
1208,WIE,Wien
1210,WIE,Wien
1211,WIE,Wien Postfach
1212,WIE,Wien
1213,WIE,Wien
1214,WIE,Wien
1215,WIE,Wien
1216,WIE,Wien
1217,WIE,Wien
1218,WIE,Wien
1219,WIE,Wien
1220,WIE,Wien
1221,WIE,Wien Postfach
1222,WIE,Wien
1223,WIE,Wien
1224,WIE,Wien
1225,WIE,Wien
1226,WIE,Wien
1227,WIE,Wien
1228,WIE,Wien
1229,WIE,Wien
1230,WIE,Wien
1231,WIE,Wien Postfach
1232,WIE,Wien
1233,WIE,Wien
1234,WIE,Wien
1235,WIE,Wien
1236,WIE,Wien
1238,WIE,Wien
1239,WIE,Wien
1251,WIE,Wien
1252,WIE,Wien
1253,WIE,Wien
1254,WIE,Wien
1255,WIE,Wien
1300,WIE,Wien-Flughafen
1301,WIE,Wien
1303,WIE,Wien
1310,WIE,Wien
1321,WIE,Wien
1400,WIE,Wien-Vereinte Nationen
1402,WIE,Wien
1421,WIE,Wien
1423,WIE,Wien
1500,WIE,UNDOF AUTCON
1502,WIE,AUTCON EUFOR
1503,WIE,AUTCON KFOR
1600,WIE,Wien
1601,WIE,Wien
1810,WIE,Wien
1901,WIE,Wien
2000,NOE,Stockerau
2002,NOE,Großmugl
2003,NOE,Leitzersdorf
2004,NOE,Niederhollabrunn
2011,NOE,Sierndorf
2013,NOE,Göllersdorf
2014,NOE,Breitenwaida
2020,NOE,Hollabrunn
2022,NOE,Immendorf
2023,NOE,Nappersdorf
2024,NOE,Mailberg
2031,NOE,Eggendorf im Thale
2032,NOE,Enzersdorf im Thale
2033,NOE,Kammersdorf
2034,NOE,Großharras
2041,NOE,Wullersdorf
2042,NOE,Guntersdorf
2051,NOE,Zellerndorf
2052,NOE,Pernersdorf-Pfaffendorf
2053,NOE,Jetzelsdorf
2054,NOE,Haugsdorf
2061,NOE,Hadres
2062,NOE,Seefeld-Großkadolz
2063,NOE,Zwingendorf
2064,NOE,Wulzeshofen
2070,NOE,Retz
2073,NOE,Schrattenthal
2074,NOE,Unterretzbach
2081,NOE,Niederfladnitz
2082,NOE,Hardegg
2083,NOE,Pleißing
2084,NOE,Weitersfeld
2091,NOE,Langau
2092,NOE,Riegersburg
2093,NOE,Geras
2094,NOE,Zissersdorf
2095,NOE,Drosendorf
2100,NOE,Korneuburg
2102,NOE,Bisamberg
2103,NOE,Langenzersdorf
2104,NOE,Spillern
2105,NOE,Oberrohrbach
2106,NOE,Klein-Engersdorf
2111,NOE,Rückersdorf-Harmannsdorf
2112,NOE,Würnitz
2113,NOE,Karnabrunn
2114,NOE,Großrußbach
2115,NOE,Ernstbrunn
2116,NOE,Niederleis
2120,NOE,Wolkersdorf im Weinviertel
2122,NOE,Ulrichskirchen
2123,NOE,Schleinbach
2124,NOE,Niederkreuzstetten
2125,NOE,Neubau
2126,NOE,Ladendorf
2127,NOE,Hautzendorf
2128,NOE,Wolfpassing
2130,NOE,Mistelbach
2132,NOE,Frättingsdorf
2133,NOE,Loosdorf
2134,NOE,Staatz-Kautendorf
2135,NOE,Neudorf bei Staatz
2136,NOE,Laa an der Thaya
2137,NOE,Eibesthal
2141,NOE,Ameis
2143,NOE,Großkrut
2144,NOE,Altlichtenwarth
2145,NOE,Hausbrunn
2151,NOE,Asparn an der Zaya
2152,NOE,Gnadendorf
2153,NOE,Stronsdorf
2154,NOE,Unterstinkenbrunn
2161,NOE,Poysbrunn
2162,NOE,Falkenstein
2163,NOE,Ottenthal
2164,NOE,Wildendürnbach
2165,NOE,Drasenhofen
2170,NOE,Poysdorf
2171,NOE,Herrnbaumgarten
2172,NOE,Schrattenberg
2173,NOE,Kleinhadersdorf
2181,NOE,Dobermannsdorf
2182,NOE,Palterndorf
2183,NOE,Neusiedl an der Zaya
2184,NOE,Hauskirchen
2185,NOE,Prinzendorf an der Zaya
2191,NOE,Gaweinstal
2192,NOE,Kettlasbrunn
2193,NOE,Wilfersdorf
2201,NOE,Gerasdorf
2202,NOE,Enzersfeld
2203,NOE,Großebersdorf
2211,NOE,Pillichsdorf
2212,NOE,Großengersdorf
2213,NOE,Bockfließ
2214,NOE,Auersthal
2215,NOE,Raggendorf
2221,NOE,Groß Schweinbarth
2222,NOE,Bad Pirawarth
2223,NOE,Hohenruppersdorf
2224,NOE,Obersulz
2225,NOE,Zistersdorf
2230,NOE,Gänserndorf
2231,NOE,Strasshof an der Nordbahn
2232,NOE,Deutsch Wagram
2241,NOE,Schönkirchen
2242,NOE,Prottes
2243,NOE,Matzen
2244,NOE,Spannberg
2245,NOE,Velm-Götzendorf
2251,NOE,Ebenthal
2252,NOE,Ollersdorf
2253,NOE,Weikendorf
2261,NOE,Angern an der March
2262,NOE,Stillfried
2263,NOE,Dürnkrut
2264,NOE,Jedenspeigen
2265,NOE,Drösing
2272,NOE,Niederabsdorf
2273,NOE,Hohenau an der March
2274,NOE,Rabensburg
2275,NOE,Bernhardsthal
2276,NOE,Reintal
2281,NOE,Raasdorf
2282,NOE,Markgrafneusiedl
2283,NOE,Obersiebenbrunn
2284,NOE,Untersiebenbrunn
2285,NOE,Leopoldsdorf im Marchfelde
2286,NOE,Haringsee
2291,NOE,Lassee
2292,NOE,Engelhartstetten
2293,NOE,Marchegg Stadt
2294,NOE,Marchegg Bahnhof
2295,NOE,Oberweiden
2301,NOE,Groß-Enzersdorf
2304,NOE,Orth an der Donau
2305,NOE,Eckartsau
2320,NOE,Schwechat
2322,NOE,Zwölfaxing
2324,NOE,Schwechat-Rannersdorf
2325,NOE,Himberg
2326,NOE,Maria Lanzendorf
2331,NOE,Vösendorf
2332,NOE,Hennersdorf
2333,NOE,Leopoldsdorf
2334,NOE,Vösendorf
2340,NOE,Mödling
2342,NOE,Mödling
2344,NOE,Maria Enzersdorf
2345,NOE,Brunn am Gebirge
2346,NOE,Maria Enzersdorf-Südstadt
2348,NOE,Mödling
2349,NOE,Mödling
2351,NOE,Wiener Neudorf
2352,NOE,Gumpoldskirchen
2353,NOE,Guntramsdorf
2355,NOE,Wiener Neudorf
2356,NOE,Wiener Neudorf
2361,NOE,Laxenburg
2362,NOE,Biedermannsdorf
2371,NOE,Hinterbrühl
2372,NOE,Gießhübl
2380,NOE,Perchtoldsdorf
2381,NOE,Laab im Walde
2382,NOE,Perchtoldsdorf
2384,NOE,Breitenfurt bei Wien
2391,NOE,Kaltenleutgeben
2392,NOE,Sulz im Wienerwald
2393,NOE,Sittendorf
2401,NOE,Fischamend
2402,NOE,Maria Ellend
2403,NOE,Regelsbrunn
2404,NOE,Petronell
2405,NOE,Bad Deutsch Altenburg
2406,NOE,Haslau an der Donau
2410,NOE,Hainburg an der Donau
2412,NOE,Wolfsthal
2413,NOE,Berg
2421,BGL,Kittsee
2422,BGL,Pama
2423,BGL,Deutsch Jahrndorf
2424,BGL,Zurndorf
2425,BGL,Nickelsdorf
2431,NOE,Kleinneusiedl
2432,NOE,Schwadorf
2433,NOE,Margarethen am Moos
2434,NOE,Götzendorf an der Leitha
2435,NOE,Ebergassing
2440,NOE,Gramatneusiedl
2441,NOE,Mitterndorf an der Fischa
2442,NOE,Unterwaltersdorf
2443,NOE,Deutsch-Brodersdorf
2444,NOE,Seibersdorf
2445,NOE,Leithaprodersdorf
2451,NOE,Hof am Leithaberge
2452,NOE,Mannersdorf am Leithagebirge
2453,NOE,Sommerein
2454,NOE,Trautmannsdorf an der Leitha
2460,NOE,Bruck an der Leitha
2462,NOE,Wilfleinsdorf
2463,NOE,Stixneusiedl
2464,NOE,Göttlesbrunn
2465,NOE,Höflein
2471,NOE,Rohrau
2472,NOE,Prellenkirchen
2473,BGL,Potzneusiedl
2474,BGL,Gattendorf
2475,BGL,Neudorf
2481,NOE,Achau
2482,NOE,Münchendorf
2483,NOE,Ebreichsdorf
2484,NOE,'Weigelsdorf, Fischa'
2485,NOE,Wampersdorf
2486,NOE,Pottendorf
2490,NOE,Ebenfurth
2491,BGL,Neufeld an der Leitha
2492,NOE,Eggendorf
2493,NOE,Lichtenwörth-Nadelburg
2500,NOE,Baden
2502,NOE,Baden-Leesdorf
2503,NOE,Baden
2504,NOE,Sooß
2505,NOE,Baden-Leesdorf
2511,NOE,Pfaffstätten
2512,NOE,Tribuswinkel
2513,NOE,Möllersdorf
2514,NOE,Traiskirchen
2521,NOE,Trumau
2522,NOE,Oberwaltersdorf
2523,NOE,Tattendorf
2524,NOE,Teesdorf
2525,NOE,Günselsdorf
2531,NOE,Gaaden
2532,NOE,Heiligenkreuz
2533,NOE,Klausen-Leopoldsdorf
2534,NOE,Alland
2540,NOE,Bad Vöslau
2542,NOE,Kottingbrunn
2544,NOE,Leobersdorf
2551,NOE,Enzesfeld-Lindabrunn
2552,NOE,Hirtenberg
2560,NOE,Berndorf
2563,NOE,Pottenstein
2564,NOE,Weissenbach an der Triesting
2565,NOE,Neuhaus
2571,NOE,Altenmarkt-Thenneberg
2572,NOE,Kaumberg
2601,NOE,Sollenau
2602,NOE,Blumau-Neurißhof
2603,NOE,Felixdorf
2604,NOE,Theresienfeld
2620,NOE,Neunkirchen
2624,NOE,Breitenau
2625,NOE,Schwarzau am Steinfelde
2630,NOE,Ternitz
2631,NOE,Sieding-Stixenstein
2632,NOE,Wimpassing im Schwarzatale
2640,NOE,Gloggnitz
2641,NOE,Schottwien
2642,NOE,Maria Schutz
2650,NOE,Payerbach
2651,NOE,Reichenau an der Rax
2654,NOE,Prein an der Rax
2661,NOE,Naßwald
2662,NOE,Schwarzau im Gebirge
2663,NOE,Rohr im Gebirge
2671,NOE,Küb
2673,NOE,Breitenstein
2680,NOE,Semmering
2700,NOE,Wiener Neustadt
2702,NOE,Wiener Neustadt
2703,NOE,Wiener Neustadt
2704,NOE,Wiener Neustadt
2705,NOE,Wiener Neustadt
2706,NOE,Wiener Neustadt
2707,NOE,Wiener Neustadt
2721,NOE,Bad Fischau
2722,NOE,Winzendorf
2723,NOE,Muthmannsdorf
2724,NOE,Hohe Wand-Stollhof
2731,NOE,St. Egyden am Steinfeld
2732,NOE,Willendorf
2733,NOE,Grünbach am Schneeberg
2734,NOE,Puchberg am Schneeberg
2751,NOE,Steinabrückl
2752,NOE,Wöllersdorf
2753,NOE,Markt Piesting
2754,NOE,Waldegg
2755,NOE,Oed
2761,NOE,Miesenbach
2763,NOE,Pernitz
2770,NOE,Gutenstein
2801,NOE,Katzelsdorf
2802,NOE,Hochwolkersdorf
2803,NOE,Schwarzenbach
2811,NOE,Wiesmath
2812,NOE,Hollenthon
2813,NOE,Lichtenegg
2821,NOE,Lanzenkirchen
2822,NOE,Bad Erlach
2823,NOE,Pitten
2824,NOE,Seebenstein
2831,NOE,Warth
2832,NOE,Thernberg
2833,NOE,Bromberg
2840,NOE,Grimmenstein
2842,NOE,Edlitz
2851,NOE,Krumbach
2852,NOE,Hochneukirchen
2853,NOE,Bad Schönau
2860,NOE,Kirchschlag in der Buckligen Welt
2870,NOE,Aspang
2871,NOE,Zöbern
2872,NOE,Mönichkirchen
2873,NOE,Feistritz am Wechsel
2880,NOE,Kirchberg am Wechsel
2881,NOE,Trattenbach
3001,NOE,Mauerbach
3002,NOE,Purkersdorf
3003,NOE,Gablitz
3004,NOE,Ried am Riederberg
3011,NOE,Untertullnerbach
3012,NOE,Wolfsgraben
3013,NOE,Tullnerbach-Lawies
3021,NOE,Pressbaum
3031,NOE,Rekawinkel
3032,NOE,Eichgraben
3033,NOE,Altlengbach
3034,NOE,Maria Anzbach
3040,NOE,Neulengbach
3041,NOE,Asperhofen
3042,NOE,Würmla
3051,NOE,St. Christophen
3052,NOE,Innermanzing
3053,NOE,Laaben
3061,NOE,Ollersbach
3062,NOE,Kirchstetten
3071,NOE,Böheimkirchen
3072,NOE,Kasten bei Böheimkirchen
3073,NOE,Stössing
3074,NOE,Michelbach
3100,NOE,St. Pölten
3101,NOE,St. Pölten Postfach
3102,NOE,St. Pölten
3103,NOE,St. Pölten
3104,NOE,St. Pölten-Harland
3105,NOE,St. Pölten-Radlberg
3106,NOE,St. Pölten-Spratzern
3107,NOE,St. Pölten-Traisenpark
3108,NOE,St. Pölten-Wagram
3109,NOE,St. Pölten
3110,NOE,Neidling
3111,NOE,St. Pölten
3114,NOE,St. Pölten
3121,NOE,Karlstetten
3122,NOE,Gansbach
3123,NOE,Obritzberg
3124,NOE,Oberwölbling
3125,NOE,Statzendorf
3130,NOE,Herzogenburg
3131,NOE,Getzersdorf
3133,NOE,Traismauer
3134,NOE,Nußdorf
3140,NOE,Pottenbrunn
3141,NOE,Kapelln
3142,NOE,Perschling
3143,NOE,Pyhra
3144,NOE,Wald
3150,NOE,Wilhelmsburg
3151,NOE,St. Georgen am Steinfelde
3153,NOE,Eschenau
3160,NOE,Traisen
3161,NOE,St. Veit an der Gölsen
3162,NOE,Rainfeld
3163,NOE,Rohrbach
3170,NOE,Hainfeld
3171,NOE,Kleinzell-Salzerbad
3172,NOE,Ramsau
3180,NOE,Lilienfeld
3182,NOE,'Marktl, Traisental'
3183,NOE,Freiland
3184,NOE,Türnitz
3192,NOE,Hohenberg
3193,NOE,St. Aegyd am Neuwalde
3195,NOE,Kernhof
3200,NOE,Ober-Grafendorf
3202,NOE,Hofstetten
3203,NOE,Rabenstein an der Pielach
3204,NOE,Kirchberg an der Pielach
3205,NOE,Weinburg
3211,NOE,Loich
3212,NOE,Schwarzenbach an der Pielach
3213,NOE,Frankenfels
3214,NOE,Puchenstuben
3221,NOE,Gösing an der Mariazellerbahn
3222,NOE,Annaberg
3223,NOE,Wienerbruck
3224,NOE,Mitterbach
3231,NOE,St. Margarethen an der Sierning
3232,NOE,Bischofstetten
3233,NOE,Kilb
3240,NOE,Mank
3241,NOE,Kirnberg an der Mank
3242,NOE,Texing
3243,NOE,St. Leonhard am Forst
3244,NOE,Ruprechtshofen
3250,NOE,Wieselburg
3251,NOE,Purgstall
3252,NOE,Petzenkirchen
3253,NOE,Erlauf
3261,NOE,Steinakirchen am Forst
3262,NOE,Wang
3263,NOE,Randegg
3264,NOE,Gresten
3270,NOE,Scheibbs
3281,NOE,Oberndorf an der Melk
3282,NOE,St. Georgen an der Leys
3283,NOE,St. Anton an der Jeßnitz
3291,NOE,Kienberg
3292,NOE,Gaming
3293,NOE,Lunz am See
3294,NOE,Langau
3295,NOE,Lackenhof
3300,NOE,Amstetten
3304,NOE,St. Georgen am Ybbsfelde
3305,NOE,Amstetten
3311,NOE,Zeillern
3312,NOE,Oed
3313,NOE,Wallsee
3314,NOE,Strengberg
3321,NOE,Ardagger
3322,NOE,Viehdorf
3323,NOE,Neustadtl an der Donau
3324,NOE,Euratsfeld
3325,NOE,Ferschnitz
3331,NOE,Kematen
3332,NOE,Rosenau am Sonntagberg
3333,NOE,Böhlerwerk
3334,OOE,Gaflenz
3335,OOE,Weyer
3340,NOE,Waidhofen an der Ybbs
3341,NOE,Ybbsitz
3342,NOE,Opponitz
3343,NOE,Hollenstein an der Ybbs
3344,NOE,St. Georgen am Reith
3345,NOE,Göstling an der Ybbs
3350,NOE,Haag
3351,NOE,Weistrach
3352,NOE,St. Peter in der Au
3353,NOE,Seitenstetten
3354,NOE,Wolfsbach
3355,NOE,Ertl
3356,NOE,Biberbach
3361,NOE,Aschbach Markt
3362,NOE,Mauer-Öhling
3363,NOE,Ulmerfeld-Hausmening
3364,NOE,Neuhofen an der Ybbs
3365,NOE,Allhartsberg
3366,NOE,Kühberg
3370,NOE,Ybbs an der Donau
3371,NOE,Neumarkt an der Ybbs
3372,NOE,Blindenmarkt
3373,NOE,Kemmelbach
3374,NOE,Säusenstein
3375,NOE,Krummnußbaum
3376,NOE,St. Martin-Karlsbach
3380,NOE,Pöchlarn
3381,NOE,Golling
3382,NOE,Loosdorf
3383,NOE,Hürm
3384,NOE,Groß Sierning
3385,NOE,Prinzersdorf
3386,NOE,Hafnerbach
3387,NOE,Groß Sierning
3388,NOE,Markersdorf an der Pielach
3390,NOE,Melk
3392,NOE,Schönbühel an der Donau
3393,NOE,Matzleinsdorf
3400,NOE,Klosterneuburg
3402,NOE,Klosterneuburg
3403,NOE,Klosterneuburg
3404,NOE,Klosterneuburg
3413,NOE,Hintersdorf
3420,NOE,Kritzendorf
3421,NOE,Höflein an der Donau
3422,NOE,Greifenstein
3423,NOE,St. Andrä-Wördern
3424,NOE,Zeiselmauer
3425,NOE,Langenlebarn
3426,NOE,Muckendorf-Wipfing
3430,NOE,Tulln an der Donau
3433,NOE,Königstetten
3434,NOE,Tulbing
3435,NOE,Zwentendorf an der Donau
3441,NOE,Judenau
3442,NOE,Langenrohr
3443,NOE,Sieghartskirchen
3451,NOE,Michelhausen
3452,NOE,Atzenbrugg
3454,NOE,Sitzenberg-Reidling
3455,NOE,Heiligeneich
3462,NOE,Absdorf
3463,NOE,Stetteldorf am Wagram
3464,NOE,Hausleiten
3465,NOE,Königsbrunn am Wagram
3470,NOE,Kirchberg am Wagram
3471,NOE,Großriedenthal
3472,NOE,Hohenwarth
3473,NOE,Mühlbach am Manhartsberg
3474,NOE,Altenwörth
3481,NOE,Fels am Wagram
3482,NOE,Gösing am Wagram
3483,NOE,Feuersbrunn
3484,NOE,Grafenwörth
3485,NOE,Haitzendorf
3491,NOE,Straß im Straßertale
3492,NOE,Etsdorf am Kamp
3493,NOE,Hadersdorf am Kamp
3494,NOE,Gedersdorf
3495,NOE,Rohrendorf bei Krems
3500,NOE,Krems an der Donau
3501,NOE,Krems-Lerchenfeld
3502,NOE,Krems-Lerchenfeld
3503,NOE,Krems-Rehberg
3504,NOE,Krems-Stein
3506,NOE,Krems-Hollenburg
3507,NOE,Krems-Mitterau
3508,NOE,Paudorf
3509,NOE,Krems
3511,NOE,Furth bei Göttweig
3512,NOE,Mautern
3521,NOE,Obermeisling
3522,NOE,Lichtenau
3524,NOE,Grainbrunn
3525,NOE,Sallingberg
3531,NOE,Niedernondorf
3532,NOE,Rastenfeld
3533,NOE,Friedersbach
3541,NOE,Senftenberg
3542,NOE,Gföhl
3543,NOE,Krumau am Kamp
3544,NOE,Idolsberg
3550,NOE,Langenlois
3552,NOE,Lengenfeld
3553,NOE,Schiltern
3561,NOE,Zöbing
3562,NOE,Schönberg
3564,NOE,Plank am Kamp
3571,NOE,Gars am Kamp
3572,NOE,St. Leonhard am Hornerwald
3573,NOE,Rosenburg
3580,NOE,Horn
3591,NOE,Altenburg
3592,NOE,Röhrenbach
3593,NOE,Neupölla
3594,NOE,Franzen
3595,NOE,Brunn an der Wild
3601,NOE,Dürnstein
3602,NOE,Rossatz
3610,NOE,Weißenkirchen in der Wachau
3611,NOE,Großheinrichschlag
3613,NOE,Albrechtsberg an der Großen Krems
3620,NOE,Spitz
3621,NOE,Mitterarnsdorf
3622,NOE,Mühldorf
3623,NOE,Kottes
3631,NOE,Ottenschlag
3632,NOE,Bad Traunstein
3633,NOE,Schönbach
3641,NOE,Aggsbach Markt
3642,NOE,Aggsbach Dorf
3643,NOE,Maria Laach am Jauerling
3644,NOE,Emmersdorf an der Donau
3650,NOE,Pöggstall
3652,NOE,Leiben
3653,NOE,Weiten
3654,NOE,Raxendorf
3660,NOE,Klein-Pöchlarn
3661,NOE,Artstetten
3662,NOE,Münichreith
3663,NOE,Laimbach am Ostrong
3664,NOE,Martinsberg
3665,NOE,Gutenbrunn
3671,NOE,Marbach an der Donau
3672,NOE,Maria Taferl
3680,NOE,Persenbeug
3683,NOE,Yspertal
3684,NOE,St. Oswald
3691,NOE,Nöchling
3701,NOE,Großweikersdorf
3702,NOE,Niederrußbach
3704,NOE,Glaubendorf
3710,NOE,Ziersdorf
3711,NOE,Großmeiseldorf
3712,NOE,Maissau
3713,NOE,Harmannsdorf
3714,NOE,Sitzendorf an der Schmida
3720,NOE,Ravelsbach
3721,NOE,Limberg
3722,NOE,Straning
3730,NOE,Eggenburg
3741,NOE,Pulkau
3742,NOE,Theras
3743,NOE,Röschitz
3744,NOE,Stockern
3751,NOE,Sigmundsherberg
3752,NOE,Walkenstein
3753,NOE,Hötzelsdorf
3754,NOE,Irnfritz
3761,NOE,Messern
3762,NOE,Ludweis
3763,NOE,Japons
3800,NOE,Göpfritz an der Wild
3804,NOE,Allentsteig
3811,NOE,Kirchberg an der Wild
3812,NOE,Groß Siegharts
3813,NOE,Dietmanns
3814,NOE,Aigen
3820,NOE,Raabs an der Thaya
3822,NOE,Karlstein an der Thaya
3823,NOE,Weikertschlag an der Thaya
3824,NOE,Großau
3830,NOE,Waidhofen an der Thaya
3834,NOE,Pfaffenschlag bei Waidhofen an der Thaya
3841,NOE,Windigsteig
3842,NOE,Thaya
3843,NOE,Dobersberg
3844,NOE,Waldkirchen an der Thaya
3851,NOE,Kautzen
3852,NOE,Gastern
3860,NOE,Heidenreichstein
3861,NOE,Eggern
3862,NOE,Eisgarn
3863,NOE,Reingers
3871,NOE,Nagelberg
3872,NOE,Langegg
3873,NOE,Brand
3874,NOE,Litschau
3900,NOE,Schwarzenau
3902,NOE,Vitis
3903,NOE,Echsenbach
3910,NOE,Zwettl
3911,NOE,Rappottenstein
3912,NOE,Grafenschlag
3913,NOE,Großgöttfritz
3914,NOE,Waldhausen
3920,NOE,Groß Gerungs
3921,NOE,Langschlag
3922,NOE,Großschönau
3923,NOE,Jagenbach
3924,NOE,Rosenau Schloß
3925,NOE,Arbesbach
3931,NOE,Schweiggers
3932,NOE,Kirchberg am Walde
3942,NOE,Hirschbach
3943,NOE,Schrems
3944,NOE,Pürbach
3945,NOE,Hoheneich
3950,NOE,Gmünd
3961,NOE,Waldenstein
3962,NOE,Heinrichs bei Weitra
3970,NOE,Weitra
3971,NOE,St. Martin
3972,NOE,Bad Großpertholz
3973,NOE,Karlstift
4000,OOE,'Linz, Donau'
4010,OOE,'Linz, Donau'
4013,OOE,'Linz, Donau'
4014,OOE,'Linz, Donau'
4016,OOE,'Linz, Donau'
4017,OOE,'Linz, Donau'
4018,OOE,'Linz, Donau'
4020,OOE,Linz
4021,OOE,'Linz, Donau Postfach'
4023,OOE,'Linz, Donau'
4024,OOE,'Linz, Donau'
4025,OOE,'Linz, Donau'
4026,OOE,'Linz, Donau'
4027,OOE,Linz
4030,OOE,Linz
4031,OOE,'Linz, Donau Postfach'
4032,OOE,Linz
4033,OOE,Linz-Ebelsberg
4036,OOE,Linz
4037,OOE,Linz
4040,OOE,Linz
4041,OOE,'Linz, Donau Postfach'
4046,OOE,'Linz, Donau'
4048,OOE,Puchenau
4050,OOE,Traun
4052,OOE,Ansfelden
4053,OOE,Haid
4055,OOE,Pucking
4056,OOE,Sankt Martin
4059,OOE,Leonding
4060,OOE,Leonding
4061,OOE,Pasching
4062,OOE,Thening
4063,OOE,Hörsching
4064,OOE,Oftering
4066,OOE,Pasching
4069,OOE,Leonding
4070,OOE,Eferding
4072,OOE,Alkoven
4073,OOE,Wilhering
4074,OOE,Stroheim
4075,OOE,Breitenaich
4076,OOE,St. Marienkirchen an der Polsenz
4077,OOE,Straßham
4078,OOE,Fraham
4081,OOE,Hartkirchen
4082,OOE,Aschach an der Donau
4083,OOE,Haibach ob der Donau
4084,OOE,St. Agatha
4085,OOE,Wesenufer
4090,OOE,Engelhartszell
4091,OOE,Vichtenstein
4092,OOE,Esternberg
4100,OOE,Ottensheim
4101,OOE,Feldkirchen an der Donau
4102,OOE,Goldwörth
4111,OOE,Walding
4112,OOE,Rottenegg
4113,OOE,St. Martin im Mühlkreis
4114,OOE,Neuhaus an der Donau
4115,OOE,Kleinzell im Mühlkreis
4116,OOE,St. Ulrich im Mühlkreis
4120,OOE,Neufelden
4121,OOE,Altenfelden
4122,OOE,Arnreit
4131,OOE,Kirchberg ob der Donau
4132,OOE,Lembach im Mühlkreis
4133,OOE,Niederkappel
4134,OOE,Putzleinsdorf
4141,OOE,Pfarrkirchen im Mühlkreis
4142,OOE,Hofkirchen im Mühlkreis
4143,OOE,Neustift im Mühlkreis
4144,OOE,Oberkappel
4150,OOE,Rohrbach in Oberösterreich
4151,OOE,Oepping
4152,OOE,Sarleinsbach
4153,OOE,Peilstein im Mühlviertel
4154,OOE,Kollerschlag
4160,OOE,Aigen im Mühlkreis
4161,OOE,Ulrichsberg
4162,OOE,Julbach
4163,OOE,Klaffer am Hochficht
4164,OOE,Schwarzenberg am Böhmerwald
4170,OOE,Haslach an der Mühl
4171,OOE,St. Peter am Wimberg
4172,OOE,St. Johann am Wimberg
4173,OOE,St. Veit im Mühlkreis
4174,OOE,Niederwaldkirchen
4175,OOE,Herzogsdorf
4180,OOE,Zwettl an der Rodl
4181,OOE,Oberneukirchen
4182,OOE,Waxenberg
4183,OOE,Traberg
4184,OOE,Helfenberg
4190,OOE,Bad Leonfelden
4191,OOE,Vorderweißenbach
4192,OOE,Schenkenfelden
4193,OOE,Reichenthal
4201,OOE,Gramastetten
4202,OOE,Hellmonsödt
4203,OOE,Altenberg bei Linz
4204,OOE,Reichenau im Mühlkreis
4205,OOE,Kirchschlag bei Linz
4209,OOE,Engerwitzdorf
4210,OOE,Gallneukirchen
4211,OOE,Alberndorf in der Riedmark
4212,OOE,Neumarkt im Mühlkreis
4213,OOE,Unterweitersdorf
4221,OOE,Steyregg
4222,OOE,St. Georgen an der Gusen
4223,OOE,Katsdorf
4224,OOE,Wartberg ob der Aist
4225,OOE,Luftenberg
4226,OOE,Langenstein
4230,OOE,Pregarten
4231,OOE,Untergaisbach
4232,OOE,Hagenberg im Mühlkreis
4240,OOE,Freistadt
4242,OOE,Hirschbach im Mühlkreis
4251,OOE,Sandl
4252,OOE,Liebenau
4261,OOE,Rainbach im Mühlkreis
4262,OOE,Leopoldschlag
4263,OOE,Windhaag bei Freistadt
4264,OOE,Grünbach
4271,OOE,St. Oswald bei Freistadt
4272,OOE,Weitersfelden
4273,OOE,Unterweißenbach
4274,OOE,Schönau im Mühlkreis
4280,OOE,Königswiesen
4281,OOE,Mönchdorf
4282,OOE,Pierbach
4283,OOE,Bad Zell
4284,OOE,Tragwein
4291,OOE,Lasberg
4292,OOE,Kefermarkt
4293,OOE,Gutau
4294,OOE,St. Leonhard bei Freistadt
4300,NOE,St. Valentin
4303,NOE,St. Pantaleon
4310,OOE,Mauthausen
4311,OOE,Schwertberg
4312,OOE,Ried in der Riedmark
4320,OOE,Perg
4322,OOE,Windhaag bei Perg
4323,OOE,Münzbach
4324,OOE,Rechberg
4331,OOE,Naarn
4332,OOE,Au an der Donau
4341,OOE,Arbing
4342,OOE,Baumgartenberg
4343,OOE,Mitterkirchen
4351,OOE,Saxen
4352,OOE,Klam
4360,OOE,Grein
4362,OOE,Bad Kreuzen
4363,OOE,Pabneukirchen
4364,OOE,St. Thomas
4371,OOE,Dimbach
4372,OOE,St. Georgen am Walde
4381,OOE,St. Nikola an der Donau
4382,OOE,Sarmingstein
4391,OOE,Waldhausen im Strudengau
4392,NOE,Dorfstetten
4400,OOE,Steyr
4401,OOE,Steyr Postfach
4402,OOE,Steyr
4403,OOE,Steyr
4404,OOE,Steyr
4405,OOE,Steyr-Münichholz
4406,OOE,Steyr
4407,OOE,Steyr-Gleink
4421,OOE,Aschach an der Steyr
4431,NOE,Haidershofen
4432,NOE,Ernsthofen
4441,NOE,Behamberg
4442,OOE,Kleinraming
4443,OOE,Maria Neustift
4451,OOE,Garsten
4452,OOE,Ternberg
4453,OOE,Trattenbach
4460,OOE,Losenstein
4461,OOE,Laussa
4462,OOE,Reichraming
4463,OOE,Großraming
4464,OOE,Kleinreifling
4470,OOE,Enns
4481,OOE,Asten
4482,NOE,Ennsdorf
4483,OOE,Hargelsberg
4484,OOE,Kronstorf
4490,OOE,St. Florian
4491,OOE,Niederneukirchen
4492,OOE,Hofkirchen im Traunkreis
4493,OOE,Wolfern
4501,OOE,Neuhofen an der Krems
4502,OOE,St. Marien
4511,OOE,Allhaming
4521,OOE,Schiedlberg
4522,OOE,Sierning
4523,OOE,Neuzeug
4531,OOE,Kematen an der Krems
4532,OOE,Rohr im Kremstal
4533,OOE,Piberbach
4540,OOE,Bad Hall
4541,OOE,Adlwang
4542,OOE,Nußbach
4550,OOE,Kremsmünster
4551,OOE,Ried im Traunkreis
4552,OOE,Wartberg an der Krems
4553,OOE,Schlierbach
4554,OOE,Oberschlierbach
4560,OOE,Kirchdorf an der Krems
4562,OOE,Steinbach am Ziehberg
4563,OOE,Micheldorf
4564,OOE,Klaus an der Pyhrnbahn
4565,OOE,Inzersdorf im Kremstal
4571,OOE,Steyrling
4572,OOE,St. Pankraz
4573,OOE,Hinterstoder
4574,OOE,Vorderstoder
4575,OOE,Roßleithen
4580,OOE,Windischgarsten
4581,OOE,Rosenau am Hengstpaß
4582,OOE,Spital am Pyhrn
4591,OOE,Molln
4592,OOE,Leonstein
4593,OOE,Obergrünburg
4594,OOE,Grünburg
4595,OOE,Waldneukirchen
4596,OOE,Steinbach an der Steyr
4600,OOE,Wels
4601,OOE,Wels
4602,OOE,Wels Postfach
4603,OOE,Wels
4604,OOE,Wels
4605,OOE,Wels
4606,OOE,Wels
4607,OOE,Wels
4609,OOE,Thalheim bei Wels
4610,OOE,Wels
4611,OOE,Buchkirchen
4612,OOE,Scharten
4613,OOE,Mistelbach bei Wels
4614,OOE,Marchtrenk
4615,OOE,Holzhausen
4616,OOE,Weißkirchen
4617,OOE,Marchtrenk
4618,OOE,Höllwiesen
4619,OOE,Wels
4621,OOE,Sipbachzell
4622,OOE,Eggendorf im Traunkreis
4623,OOE,Gunskirchen
4624,OOE,Pennewang
4625,OOE,Offenhausen
4631,OOE,Krenglbach
4632,OOE,Pichl bei Wels
4633,OOE,Kematen am Innbach
4641,OOE,Steinhaus
4642,OOE,Sattledt
4643,OOE,Pettenbach
4644,OOE,Scharnstein
4645,OOE,Grünau im Almtal
4650,OOE,Lambach
4651,OOE,Stadl-Paura
4652,OOE,Steinerkirchen an der Traun
4653,OOE,Eberstalzell
4654,OOE,Bad Wimsbach-Neydharting
4655,OOE,Vorchdorf
4656,OOE,Kirchham
4657,OOE,Fischlham
4659,OOE,Edt bei Lambach
4661,OOE,Roitham
4662,OOE,Steyrermühl
4663,OOE,Laakirchen
4664,OOE,Oberweis
4671,OOE,Neukirchen bei Lambach
4672,OOE,Bachmanning
4673,OOE,Gaspoltshofen
4674,OOE,Altenhof am Hausruck
4675,OOE,Weibern
4676,OOE,Aistersheim
4680,OOE,Haag am Hausruck
4681,OOE,Rottenbach
4682,OOE,Geboltskirchen
4690,OOE,Schwanenstadt
4691,OOE,Breitenschützing
4692,OOE,Niederthalheim
4693,OOE,Desselbrunn
4694,OOE,Ohlsdorf
4701,OOE,Bad Schallerbach
4702,OOE,Wallern an der Trattnach
4707,OOE,Schlüßlberg
4710,OOE,Grieskirchen
4712,OOE,Michaelnbach
4713,OOE,Gallspach
4714,OOE,Meggenhofen
4715,OOE,Taufkirchen an der Trattnach
4716,OOE,Hofkirchen an der Trattnach
4720,OOE,Neumarkt im Hausruckkreis
4721,OOE,Altschwendt
4722,OOE,Peuerbach
4723,OOE,Natternbach
4724,OOE,Neukirchen am Walde
4725,OOE,St. Aegidi
4730,OOE,Waizenkirchen
4731,OOE,Prambachkirchen
4732,OOE,St. Thomas
4733,OOE,Heiligenberg
4741,OOE,Wendling
4742,OOE,Pram
4743,OOE,Peterskirchen
4751,OOE,Dorf
4752,OOE,Riedau
4753,OOE,Taiskirchen im Innkreis
4754,OOE,Andrichsfurt
4755,OOE,Zell an der Pram
4760,OOE,Raab
4761,OOE,Enzenkirchen
4762,OOE,St. Willibald
4770,OOE,Andorf
4771,OOE,Sigharting
4772,OOE,Lambrechten
4773,OOE,Eggerding
4774,OOE,St. Marienkirchen bei Schärding
4775,OOE,Taufkirchen an der Pram
4776,OOE,Diersbach
4777,OOE,Mayrhof
4780,OOE,Schärding
4782,OOE,St. Florian am Inn
4783,OOE,Wernstein am Inn
4784,OOE,Schardenberg
4785,OOE,Freinberg
4786,OOE,Brunnenthal
4791,OOE,Rainbach im Innkreis
4792,OOE,Münzkirchen
4793,OOE,St. Roman
4794,OOE,Kopfing im Innkreis
4800,OOE,Attnang-Puchheim
4801,OOE,Traunkirchen
4802,OOE,Ebensee
4810,OOE,Gmunden
4811,OOE,Altmünster
4812,OOE,Pinsdorf
4813,OOE,Altmünster
4814,OOE,Neukirchen
4816,OOE,Gschwandt
4817,OOE,St. Konrad
4820,OOE,Bad Ischl
4821,OOE,Lauffen
4822,OOE,Bad Goisern am Hallstättersee
4823,OOE,Steeg
4824,OOE,Gosau
4825,OOE,Gosau-Hintertal
4829,OOE,Bad Ischl
4830,OOE,Hallstatt
4831,OOE,Obertraun
4840,OOE,Vöcklabruck
4841,OOE,Ungenach
4842,OOE,Zell am Pettenfirst
4843,OOE,Ampflwang
4844,OOE,Regau
4845,OOE,Rutzenmoos
4846,OOE,Redlham
4847,OOE,Vöcklabruck
4849,OOE,Puchkirchen am Trattberg
4850,OOE,Timelkam
4851,OOE,Gampern
4852,OOE,Weyregg am Attersee
4853,OOE,Steinbach am Attersee
4854,OOE,Weißenbach
4860,OOE,Lenzing
4861,OOE,Schörfling
4863,OOE,Seewalchen am Attersee
4864,OOE,Attersee
4865,OOE,Nußdorf am Attersee
4866,OOE,Unterach
4870,OOE,Vöcklamarkt
4871,OOE,Zipf
4872,OOE,Neukirchen an der Vöckla
4873,OOE,Frankenburg am Hausruck
4875,OOE,Redleiten
4880,OOE,St. Georgen im Attergau
4881,OOE,Straß im Attergau
4882,OOE,Oberwang
4890,OOE,Frankenmarkt
4891,OOE,Pöndorf
4892,OOE,Fornach
4893,OOE,Zell am Moos
4894,OOE,Oberhofen am Irrsee
4901,OOE,Ottnang
4902,OOE,Wolfsegg am Hausruck
4903,OOE,Manning
4904,OOE,Atzbach
4905,OOE,Thomasroith
4906,OOE,Eberschwang
4910,OOE,Ried im Innkreis
4912,OOE,Neuhofen im Innkreis
4920,OOE,Schildorn
4921,OOE,Hohenzell
4922,OOE,Geiersberg
4923,OOE,Lohnsburg
4924,OOE,Waldzell
4925,OOE,Pramet
4926,OOE,St. Marienkirchen am Hausruck
4931,OOE,Mettmach
4932,OOE,Kirchheim im Innkreis
4933,OOE,Wildenau
4941,OOE,Mehrnbach
4942,OOE,Gurten
4943,OOE,Geinberg
4950,OOE,Altheim
4951,OOE,Polling im Innkreis
4952,OOE,Weng im Innkreis
4961,OOE,Mühlheim am Inn
4962,OOE,Mining
4963,OOE,St. Peter am Hart
4970,OOE,Eitzing
4971,OOE,Aurolzmünster
4972,OOE,Utzenaich
4973,OOE,St. Martin
4974,OOE,Ort im Innkreis
4975,OOE,Suben
4980,OOE,Antiesenhofen
4981,OOE,Reichersberg
4982,OOE,Obernberg am Inn
4983,OOE,St. Georgen bei Obernberg am Inn
4984,OOE,Weilbach
4985,OOE,Katzenberg
5000,SBG,Wals bei Salzburg
5010,SBG,Salzburg
5012,SBG,Salzburg
5013,SBG,Salzburg-Liefering
5014,SBG,Salzburg
5015,SBG,Salzburg
5016,SBG,Salzburg
5017,SBG,Salzburg
5018,SBG,Salzburg-Europark
5020,SBG,Salzburg
5021,SBG,Salzburg Postfach
5022,SBG,Salzburg
5023,SBG,Salzburg-Gnigl
5024,SBG,Salzburg
5025,SBG,Salzburg-Parsch
5026,SBG,Salzburg-Aigen
5027,SBG,Salzburg
5028,SBG,Salzburg-Kasern
5032,SBG,Salzburg
5033,SBG,Salzburg
5061,SBG,Elsbethen-Glasenbach
5071,SBG,Wals
5072,SBG,Siezenheim
5081,SBG,Anif
5082,SBG,Grödig
5083,SBG,Gartenau-St. Leonhard
5084,SBG,Großgmain
5089,SBG,Niederalm
5090,SBG,Lofer
5091,SBG,Unken
5092,SBG,St. Martin bei Lofer
5093,SBG,Weißbach bei Lofer
5101,SBG,Bergheim
5102,SBG,Anthering
5110,SBG,Oberndorf bei Salzburg
5111,SBG,Bürmoos
5112,SBG,Lamprechtshausen
5113,SBG,St. Georgen bei Salzburg
5114,SBG,Göming
5120,OOE,St. Pantaleon
5121,OOE,Ostermiething
5122,OOE,Ach
5131,OOE,Franking
5132,OOE,Geretsberg
5133,OOE,Gilgenberg am Weilhart
5134,OOE,Schwand im Innkreis
5141,OOE,Moosdorf
5142,OOE,Eggelsberg
5143,OOE,Feldkirchen bei Mattighofen
5144,OOE,Handenberg
5145,OOE,Neukirchen an der Enknach
5151,SBG,Nußdorf am Haunsberg
5152,SBG,Michaelbeuern
5161,SBG,Elixhausen
5162,SBG,Obertrum am See
5163,SBG,Mattsee
5164,SBG,Seeham
5165,SBG,Berndorf bei Salzburg
5166,SBG,Perwang am Grabensee
5167,SBG,Palting
5201,SBG,Seekirchen
5202,SBG,Neumarkt am Wallersee
5203,SBG,Köstendorf
5204,SBG,Straßwalchen
5205,SBG,Schleedorf
5211,OOE,Friedburg
5212,OOE,Schneegattern
5221,OOE,Lochen
5222,OOE,Munderfing
5223,OOE,Pfaffstätt
5224,OOE,Auerbach
5225,OOE,Jeging
5230,OOE,Mattighofen
5231,OOE,Schalchen
5232,OOE,Kirchberg bei Mattighofen
5233,OOE,Pischelsdorf am Engelbach
5241,OOE,Maria Schmolln
5242,OOE,St. Johann am Walde
5251,OOE,Höhnhart
5252,OOE,Aspach
5261,OOE,Uttendorf
5270,OOE,Mauerkirchen
5271,OOE,Moosbach
5272,OOE,Treubach
5273,OOE,Roßbach
5274,OOE,Burgkirchen
5280,OOE,Braunau am Inn
5282,OOE,Braunau
5283,OOE,Braunau am Inn
5300,SBG,Hallwang
5301,SBG,Eugendorf
5302,SBG,Henndorf am Wallersee
5303,SBG,Thalgau
5310,OOE,Mondsee
5311,OOE,Loibichl
5321,SBG,Koppl
5322,SBG,Hof bei Salzburg
5323,SBG,Ebenau
5324,SBG,Faistenau
5325,SBG,Plainfeld
5330,SBG,Fuschl am See
5340,SBG,St. Gilgen
5342,SBG,Abersee
5350,SBG,Strobl
5351,SBG,Aigen-Voglhub
5360,OOE,St. Wolfgang im Salzkammergut
5400,SBG,Hallein
5403,SBG,Taxach
5411,SBG,Oberalm
5412,SBG,Puch bei Hallein
5421,SBG,Adnet
5422,SBG,Heilbad Dürrnberg
5423,SBG,St. Koloman
5424,SBG,Bad Vigaun
5431,SBG,Kuchl
5440,SBG,Golling an der Salzach
5441,SBG,Abtenau
5442,SBG,Rußbach am Paß Gschütt
5450,SBG,Werfen
5451,SBG,Tenneck
5452,SBG,Pfarrwerfen
5453,SBG,Werfenweng
5500,SBG,Bischofshofen
5505,SBG,Mühlbach am Hochkönig
5511,SBG,Hüttau
5521,SBG,Niedernfritz
5522,SBG,St. Martin am Tennengebirge
5523,SBG,Lungötz
5524,SBG,Annaberg
5531,SBG,Eben im Pongau
5532,SBG,Filzmoos
5541,SBG,Altenmarkt im Pongau
5542,SBG,Flachau
5550,SBG,Radstadt
5552,SBG,Forstau
5561,SBG,Untertauern
5562,SBG,Obertauern
5563,SBG,Tweng
5570,SBG,Mauterndorf
5571,SBG,Mariapfarr
5572,SBG,St. Andrä im Lungau
5573,SBG,Weißpriach
5574,SBG,Göriach
5580,SBG,Tamsweg
5581,SBG,St. Margarethen im Lungau
5582,SBG,St. Michael im Lungau
5583,SBG,Muhr
5584,SBG,Zederhaus
5585,SBG,Unternberg
5591,SBG,Ramingstein
5592,SBG,Thomatal
5600,SBG,St. Johann im Pongau
5602,SBG,Wagrain
5603,SBG,Kleinarl
5611,SBG,Großarl
5612,SBG,Hüttschlag
5620,SBG,Schwarzach im Pongau
5621,SBG,St. Veit im Pongau
5622,SBG,Goldegg
5623,SBG,Schwarzach im Pongau
5630,SBG,Bad Hofgastein
5632,SBG,Dorfgastein
5640,SBG,Bad Gastein
5645,SBG,Böckstein
5651,SBG,Lend
5652,SBG,Dienten am Hochkönig
5660,SBG,Taxenbach
5661,SBG,Rauris
5662,SBG,Gries
5671,SBG,Bruck an der Großglocknerstraße
5672,SBG,Fusch an der Glocknerstraße
5700,SBG,Zell am See
5702,SBG,Zell am See-Schüttdorf
5710,SBG,Kaprun
5721,SBG,Piesendorf
5722,SBG,Niedernsill
5723,SBG,Uttendorf
5724,SBG,Stuhlfelden
5730,SBG,Mittersill
5731,SBG,Hollersbach im Pinzgau
5732,SBG,Mühlbach
5733,SBG,Bramberg am Wildkogel
5741,SBG,Neukirchen am Großvenediger
5742,SBG,Wald im Pinzgau
5743,SBG,Krimml
5751,SBG,Maishofen
5752,SBG,Viehhofen
5753,SBG,Saalbach
5754,SBG,Hinterglemm
5760,SBG,Saalfelden am Steinernen Meer
5761,SBG,Maria Alm am Steinernen Meer
5762,SBG,Saalfelden am Steinernen Meer
5771,SBG,Leogang
6000,TIR,Hall in Tirol
6010,TIR,Innsbruck
6013,TIR,Innsbruck
6018,TIR,Innsbruck
6019,TIR,Innsbruck
6020,TIR,Innsbruck
6021,TIR,Innsbruck Postfach
6022,TIR,Innsbruck
6023,TIR,Innsbruck
6026,TIR,Innsbruck
6027,TIR,Innsbruck
6028,TIR,Innsbruck Technologiezentrum
6029,TIR,Innsbruck
6031,TIR,Innsbruck
6032,TIR,Innsbruck
6033,TIR,Innsbruck-Arzl
6034,TIR,Innsbruck
6035,TIR,Innsbruck
6036,TIR,Innsbruck
6040,TIR,Innsbruck-Neuarzl
6050,TIR,Hall in Tirol
6060,TIR,Hall in Tirol
6063,TIR,Rum
6064,TIR,Rum
6065,TIR,Thaur
6067,TIR,Absam
6068,TIR,Mils
6069,TIR,Gnadenwald
6070,TIR,Ampass
6071,TIR,Aldrans
6072,TIR,Lans
6073,TIR,Sistrans
6074,TIR,Rinn
6075,TIR,Tulfes
6080,TIR,Innsbruck-Igls
6082,TIR,Patsch
6083,TIR,Ellbögen
6091,TIR,Götzens
6092,TIR,Birgitz
6094,TIR,Axams
6095,TIR,Grinzens
6100,TIR,Seefeld in Tirol
6103,TIR,Reith bei Seefeld
6105,TIR,Leutasch
6108,TIR,Scharnitz
6111,TIR,Volders
6112,TIR,Wattens
6113,TIR,Wattenberg
6114,TIR,Kolsass
6115,TIR,Kolsassberg
6116,TIR,Weer
6121,TIR,Baumkirchen
6122,TIR,Fritzens
6123,TIR,Terfens
6130,TIR,Schwaz
6131,TIR,Schwaz
6133,TIR,Weerberg
6134,TIR,Vomp
6135,TIR,Stans
6136,TIR,Pill
6141,TIR,Schönberg im Stubaital
6142,TIR,Mieders
6143,TIR,Matrei am Brenner
6145,TIR,Navis
6150,TIR,Steinach am Brenner
6152,TIR,Trins
6154,TIR,St. Jodok am Brenner
6156,TIR,Gries am Brenner
6157,TIR,Obernberg am Brenner
6161,TIR,Natters
6162,TIR,Mutters
6165,TIR,Telfes im Stubai
6166,TIR,Fulpmes
6167,TIR,Neustift im Stubaital
6170,TIR,Zirl
6173,TIR,Oberperfuss
6175,TIR,Kematen in Tirol
6176,TIR,Völs
6177,TIR,Völs
6178,TIR,Unterperfuss
6179,TIR,Ranggen
6181,TIR,Sellrain
6182,TIR,Gries im Sellrain
6183,TIR,Kühtai
6184,TIR,St. Sigmund
6200,TIR,Jenbach
6202,TIR,Buch bei Jenbach
6210,TIR,Wiesing
6212,TIR,Maurach
6213,TIR,Pertisau
6215,TIR,Achenkirch
6220,TIR,Buch in Tirol
6222,TIR,Gallzein
6230,TIR,Brixlegg
6232,TIR,Münster
6233,TIR,Kramsach
6234,TIR,Brandenberg
6235,TIR,Reith im Alpbachtal
6236,TIR,Alpbach
6240,TIR,Rattenberg
6241,TIR,Radfeld
6250,TIR,Kundl
6252,TIR,Breitenbach am Inn
6260,TIR,Bruck am Ziller
6261,TIR,Strass im Zillertal
6262,TIR,Schlitters
6263,TIR,Fügen
6264,TIR,Fügenberg
6265,TIR,Hart im Zillertal
6271,TIR,Uderns
6272,TIR,Kaltenbach
6273,TIR,Ried im Zillertal
6274,TIR,Aschau
6275,TIR,Stumm
6276,TIR,Stummerberg
6277,TIR,Zellberg
6278,TIR,Hainzenberg
6280,TIR,Zell am Ziller
6281,TIR,Gerlos
6283,TIR,Hippach
6284,TIR,Ramsau im Zillertal
6290,TIR,Mayrhofen
6292,TIR,Finkenberg
6293,TIR,Tux
6294,TIR,Hintertux
6295,TIR,Ginzling
6300,TIR,Wörgl
6302,TIR,Wörgl
6305,TIR,Itter
6306,TIR,Söll
6311,TIR,Wildschönau-Oberau
6313,TIR,Wildschönau-Auffach
6314,TIR,Wildschönau-Niederau
6320,TIR,Angerberg
6321,TIR,Angath
6322,TIR,Kirchbichl
6323,TIR,Bad Häring
6324,TIR,Mariastein
6330,TIR,Kufstein
6331,TIR,Kufstein
6332,TIR,Kufstein
6333,TIR,Kufstein
6334,TIR,Schwoich
6335,TIR,Thiersee
6336,TIR,Langkampfen
6341,TIR,Ebbs
6342,TIR,Niederndorf
6343,TIR,Erl
6344,TIR,Walchsee
6345,TIR,Kössen
6346,TIR,Niederndorferberg
6351,TIR,Scheffau am Wilden Kaiser
6352,TIR,Ellmau
6353,TIR,Going am Wilden Kaiser
6361,TIR,Hopfgarten
6362,TIR,Kelchsau
6363,TIR,Westendorf
6364,TIR,Brixen im Thale
6365,TIR,Kirchberg in Tirol
6370,TIR,Kitzbühel
6371,TIR,Aurach
6372,TIR,Oberndorf in Tirol
6373,TIR,Jochberg
6380,TIR,St. Johann in Tirol
6382,TIR,Kirchdorf in Tirol
6383,TIR,Erpfendorf
6384,TIR,Waidring
6385,TIR,Schwendt
6391,TIR,Fieberbrunn
6392,TIR,St. Jakob in Haus
6393,TIR,St. Ulrich am Pillersee
6395,TIR,Hochfilzen
6401,TIR,Inzing
6402,TIR,Hatting
6403,TIR,Flaurling
6404,TIR,Polling
6405,TIR,Pfaffenhofen
6406,TIR,Oberhofen im Inntal
6408,TIR,Pettnau
6410,TIR,Telfs
6412,TIR,Telfs-St. Georgen
6414,TIR,Mieming
6416,TIR,Obsteig
6421,TIR,Rietz
6422,TIR,Stams
6423,TIR,Mötz
6424,TIR,Silz
6425,TIR,Haiming
6426,TIR,Roppen
6430,TIR,Ötztal Bahnhof
6432,TIR,Sautens
6433,TIR,Oetz
6441,TIR,Umhausen
6444,TIR,Längenfeld
6450,TIR,Sölden
6452,TIR,Hochsölden
6456,TIR,Obergurgl
6458,TIR,Vent
6460,TIR,Imst
6462,TIR,Karres
6463,TIR,Karrösten
6464,TIR,Tarrenz
6465,TIR,Nassereith
6471,TIR,Arzl im Pitztal
6473,TIR,Wenns
6474,TIR,Jerzens
6481,TIR,St. Leonhard im Pitztal
6491,TIR,Schönwies
6492,TIR,Imsterberg
6493,TIR,Mils
6500,TIR,Landeck
6511,TIR,Zams
6521,TIR,Fließ
6522,TIR,Prutz
6524,TIR,Feichten im Kaunertal
6525,TIR,Faggen
6527,TIR,Kaunerberg
6528,TIR,Fendels
6531,TIR,Ried im Oberinntal
6532,TIR,Ladis
6533,TIR,Fiss
6534,TIR,Serfaus
6541,TIR,Tösens
6542,TIR,Pfunds
6543,TIR,Nauders
6544,TIR,Spiss
6551,TIR,Pians
6552,TIR,Tobadill
6553,TIR,See
6555,TIR,Kappl
6561,TIR,Ischgl
6562,TIR,Mathon
6563,TIR,Galtür
6571,TIR,Strengen
6572,TIR,Flirsch
6574,TIR,Pettneu am Arlberg
6580,TIR,St. Anton am Arlberg
6591,TIR,Grins
6600,TIR,Reutte
6604,TIR,Höfen
6610,TIR,Wängle
6611,TIR,Heiterwang
6621,TIR,Bichlbach
6622,TIR,Berwang
6623,TIR,Namlos
6631,TIR,Lermoos
6632,TIR,Ehrwald
6633,TIR,Biberwier
6642,TIR,Stanzach
6644,TIR,Elmen
6645,TIR,Vorderhornbach
6646,TIR,Hinterhornbach
6647,TIR,Pfafflar
6650,TIR,Gramais
6651,TIR,Häselgehr
6652,TIR,Elbigenalp
6653,TIR,Bach
6654,TIR,Holzgau
6655,TIR,Steeg
6670,TIR,Forchach
6671,TIR,Weißenbach am Lech
6672,TIR,Nesselwängle
6673,TIR,Grän
6675,TIR,Tannheim
6677,TIR,Schattwald
6682,TIR,Vils
6691,TIR,Jungholz
6700,VBG,Bludenz
6701,VBG,Bludenz Postfach
6702,VBG,Bludenz
6705,VBG,Bürs
6706,VBG,Bürs
6707,VBG,Bürserberg
6708,VBG,Brand
6710,VBG,Nenzing
6712,VBG,Thüringen
6713,VBG,Ludesch
6714,VBG,Nüziders
6719,VBG,Bludesch
6721,VBG,Thüringerberg
6722,VBG,St. Gerold
6723,VBG,Blons
6731,VBG,Sonntag
6733,VBG,Fontanella
6741,VBG,Raggal
6751,VBG,Braz
6752,VBG,Dalaas
6754,VBG,Klösterle
6762,VBG,Stuben
6763,VBG,Zürs
6764,VBG,Lech
6767,VBG,Warth
6771,VBG,St. Anton im Montafon
6773,VBG,Vandans
6774,VBG,Tschagguns
6780,VBG,Schruns
6781,VBG,Bartholomäberg
6782,VBG,Silbertal
6787,VBG,Gargellen
6791,VBG,St. Gallenkirch
6792,VBG,Gortipohl
6793,VBG,Gaschurn
6794,VBG,Partenen
6800,VBG,Feldkirch
6801,VBG,Feldkirch Postfach
6803,VBG,Feldkirch
6804,VBG,Feldkirch-Altenstadt
6805,VBG,Feldkirch-Gisingen
6806,VBG,Feldkirch-Tosters
6807,VBG,Feldkirch-Tisis
6808,VBG,Feldkirch-Nofels
6811,VBG,Göfis
6812,VBG,Meiningen
6820,VBG,Frastanz
6822,VBG,Satteins
6824,VBG,Schlins
6830,VBG,Rankweil
6832,VBG,Sulz-Röthis
6833,VBG,Klaus-Weiler
6834,VBG,Übersaxen
6835,VBG,Zwischenwasser
6836,VBG,Viktorsberg
6840,VBG,Götzis
6841,VBG,Mäder
6842,VBG,Koblach
6844,VBG,Altach
6845,VBG,Hohenems
6850,VBG,Dornbirn
6851,VBG,Dornbirn Postfach
6853,VBG,Dornbirn-Hatlerdorf
6854,VBG,Dornbirn-Messepark
6855,VBG,Dornbirn
6857,VBG,Dornbirn-Haselstauden
6858,VBG,Schwarzach
6861,VBG,Alberschwende
6863,VBG,Egg
6866,VBG,Andelsbuch
6867,VBG,Schwarzenberg
6870,VBG,Bezau
6874,VBG,Bizau
6881,VBG,Mellau
6882,VBG,Schnepfau
6883,VBG,Au
6884,VBG,Damüls
6886,VBG,Schoppernau
6888,VBG,Schröcken
6890,VBG,Lustenau
6893,VBG,Lustenau-Rheindorf
6900,VBG,Bregenz
6901,VBG,Bregenz Postfach
6902,VBG,Bregenz
6904,VBG,Bregenz-Schendlingen
6905,VBG,Bregenz-Achsiedlung
6911,VBG,Lochau
6912,VBG,Hörbranz
6914,VBG,Hohenweiler
6921,VBG,Kennelbach
6922,VBG,Wolfurt
6923,VBG,Lauterach
6932,VBG,Langen bei Bregenz
6933,VBG,Doren
6934,VBG,Sulzberg
6941,VBG,Langenegg
6942,VBG,Krumbach
6943,VBG,Riefensberg
6951,VBG,Lingenau
6952,VBG,Hittisau
6953,VBG,Sibratsgfäll
6960,VBG,Wolfurt-Bahnhof
6961,VBG,Wolfurt-Bahnhof Postfach
6971,VBG,Hard
6972,VBG,Fußach
6973,VBG,Höchst
6974,VBG,Gaißau
6991,VBG,Riezlern
6992,VBG,Hirschegg
6993,VBG,Mittelberg
7000,BGL,Eisenstadt
7001,BGL,Eisenstadt Postfach
7002,BGL,Eisenstadt
7011,BGL,Siegendorf
7013,BGL,Klingenbach
7020,BGL,Loipersbach im Burgenland
7021,BGL,Draßburg
7022,BGL,Schattendorf
7023,BGL,Zemendorf
7024,BGL,Hirm
7031,BGL,Krensdorf
7032,BGL,Sigleß
7033,BGL,Pöttsching
7034,BGL,Zillingtal
7035,BGL,Steinbrunn
7041,BGL,Wulkaprodersdorf
7042,BGL,Antau
7051,BGL,Großhöflein
7052,BGL,Müllendorf
7053,BGL,Hornstein
7061,BGL,Trausdorf an der Wulka
7062,BGL,St. Margarethen im Burgenland
7063,BGL,Oggau
7064,BGL,Oslip
7071,BGL,Rust
7072,BGL,Mörbisch am See
7073,BGL,'Rust, Burgenland'
7081,BGL,Schützen am Gebirge
7082,BGL,Donnerskirchen
7083,BGL,Purbach am Neusiedler See
7091,BGL,Breitenbrunn am Neusiedler See
7092,BGL,Winden am See
7093,BGL,Jois
7100,BGL,Neusiedl am See
7111,BGL,Parndorf
7121,BGL,Weiden am See
7122,BGL,Gols
7123,BGL,Mönchhof
7131,BGL,Halbturn
7132,BGL,Frauenkirchen
7141,BGL,Podersdorf am See
7142,BGL,Illmitz
7143,BGL,Apetlon
7151,BGL,Wallern im Burgenland
7152,BGL,Pamhagen
7161,BGL,St. Andrä am Zicksee
7162,BGL,Tadten
7163,BGL,Andau
7201,BGL,Neudörfl
7202,BGL,Bad Sauerbrunn
7203,BGL,Wiesen
7210,BGL,Mattersburg
7212,BGL,Forchtenstein
7221,BGL,Marz
7222,BGL,Rohrbach bei Mattersburg
7223,BGL,Sieggraben
7301,BGL,Deutschkreutz
7302,BGL,Nikitsch
7304,BGL,Großwarasdorf
7311,BGL,Neckenmarkt
7312,BGL,Horitschon
7321,BGL,Lackendorf
7322,BGL,Lackenbach
7323,BGL,Ritzing
7331,BGL,Weppersdorf
7332,BGL,Kobersdorf
7341,BGL,Markt St. Martin
7342,BGL,Kaisersdorf
7343,BGL,Neutal
7344,BGL,Stoob
7350,BGL,Oberpullendorf
7361,BGL,Lutzmannsburg
7371,BGL,Unterrabnitz
7372,BGL,Draßmarkt
7373,BGL,Piringsdorf
7400,BGL,Oberwart
7411,BGL,Markt Allhau
7412,BGL,Wolfau
7413,BGL,Buchschachen
7421,STM,Tauchen-Schaueregg
7422,BGL,Riedlingsdorf
7423,BGL,Pinkafeld
7424,BGL,Grafenschachen
7431,BGL,Bad Tatzmannsdorf
7432,BGL,Oberschützen
7433,BGL,Mariasdorf
7434,BGL,Bernstein
7435,BGL,Unterkohlstätten
7441,BGL,Pilgersdorf
7442,BGL,Lockenhaus
7443,BGL,Rattersdorf-Liebing
7444,BGL,Mannersdorf an der Rabnitz
7451,BGL,Oberloisdorf
7452,BGL,Unterpullendorf
7453,BGL,Steinberg-Dörfl
7461,BGL,Stadtschlaining
7463,BGL,Weiden bei Rechnitz
7464,BGL,Markt Neuhodis
7471,BGL,Rechnitz
7472,BGL,Schachendorf
7473,BGL,Hannersdorf
7474,BGL,Deutsch Schützen
7501,BGL,Rotenturm an der Pinka
7503,BGL,Großpetersdorf
7504,BGL,Jabing
7511,BGL,Mischendorf
7512,BGL,Kohfidisch
7521,BGL,Eberau
7522,BGL,Strem
7531,BGL,Kemeten
7532,BGL,Litzelsdorf
7533,BGL,Ollersdorf im Burgenland
7534,BGL,Olbendorf
7535,BGL,St. Michael im Burgenland
7536,BGL,Güttenbach
7537,BGL,Neuberg im Burgenland
7540,BGL,Güssing
7542,BGL,Gerersdorf bei Güssing
7543,BGL,Kukmirn
7544,BGL,Tobaj
7551,BGL,Stegersbach
7552,BGL,Stinatz
7553,BGL,Bocksdorf
7561,BGL,Heiligenkreuz im Lafnitztal
7562,BGL,Eltendorf
7563,BGL,Königsdorf
7564,BGL,Dobersdorf
7571,BGL,Rudersdorf
7572,BGL,Deutsch Kaltenbrunn
7573,BGL,Rohrbrunn
8000,STM,Graz
8006,STM,Graz
8007,STM,Graz
8008,STM,Graz
8010,STM,Graz
8011,STM,Graz Postfach
8012,STM,Graz
8013,STM,Graz
8014,STM,Hönigtal
8015,STM,Graz
8016,STM,Graz
8017,STM,Graz
8018,STM,Graz
8019,STM,Graz
8020,STM,Graz
8021,STM,Graz Postfach
8022,STM,Graz
8023,STM,Graz
8024,STM,Graz
8025,STM,Graz
8026,STM,Graz
8027,STM,Graz
8028,STM,Graz
8029,STM,Graz
8035,STM,Graz
8036,STM,Graz
8040,STM,Graz-Liebenau
8041,STM,Graz-Liebenau
8042,STM,Graz-St. Peter
8043,STM,Graz-Kroisbach
8044,STM,Graz-Mariatrost
8045,STM,Graz-Andritz
8046,STM,Graz-St. Veit
8047,STM,Graz-Ragnitz
8048,STM,Graz-Liebenau
8049,STM,Graz
8050,STM,Thal
8051,STM,Graz-Gösting
8052,STM,Graz-Wetzelsdorf
8053,STM,Graz-Neuhart
8054,STM,Graz-Straßgang
8055,STM,Graz-Puntigam
8056,STM,Graz
8061,STM,St. Radegund bei Graz
8062,STM,Kumberg
8063,STM,Eggersdorf bei Graz
8071,STM,Hausmannstätten
8072,STM,Fernitz
8073,STM,Feldkirchen bei Graz
8074,STM,Raaba
8075,STM,Hart bei Graz
8077,STM,Gössendorf
8081,STM,Heiligenkreuz am Waasen
8082,STM,Kirchbach in Steiermark
8083,STM,St. Stefan im Rosental
8091,STM,Jagerberg
8092,STM,Mettersdorf am Saßbach
8093,STM,St. Peter am Ottersbach
8101,STM,Gratkorn
8102,STM,Semriach
8103,STM,Rein
8111,STM,Judendorf-Straßengel
8112,STM,Gratwein
8113,STM,St. Oswald bei Plankenwarth
8114,STM,Stübing
8120,STM,Peggau
8121,STM,Deutschfeistritz
8122,STM,Waldstein
8124,STM,Übelbach
8130,STM,Frohnleiten
8131,STM,Mixnitz
8132,STM,Pernegg an der Mur
8141,STM,Unterpremstätten
8142,STM,Wundschuh
8143,STM,Dobl
8144,STM,Tobelbad
8151,STM,Hitzendorf
8152,STM,Stallhofen
8153,STM,Geistthal
8160,STM,Weiz
8162,STM,Passail
8163,STM,Fladnitz an der Teichalm
8171,STM,St. Kathrein am Offenegg
8172,STM,Heilbrunn
8181,STM,St. Ruprecht an der Raab
8182,STM,Puch bei Weiz
8183,STM,Floing
8184,STM,Anger
8190,STM,Birkfeld
8191,STM,Koglhof
8192,STM,Strallegg
8193,STM,Dorfviertel
8200,STM,Gleisdorf
8201,STM,Gleisdorf
8211,STM,Großpesendorf
8212,STM,Pischelsdorf in der Steiermark
8221,STM,Hirnsdorf
8222,STM,St. Johann bei Herberstein
8223,STM,Stubenberg am See
8224,STM,Kaindorf bei Hartberg
8225,STM,Pöllau bei Hartberg
8226,STM,Obersaifen
8230,STM,Hartberg
8232,STM,Grafendorf bei Hartberg
8233,STM,Lafnitz
8234,STM,Rohrbach an der Lafnitz
8240,STM,Friedberg
8241,STM,Dechantskirchen
8242,STM,St. Lorenzen am Wechsel
8243,STM,Pinggau
8244,STM,Schäffern
8250,STM,Vorau
8251,STM,Bruck an der Lafnitz
8252,STM,Mönichwald
8253,STM,Waldbach
8254,STM,Wenigzell
8255,STM,St. Jakob
8261,STM,Sinabelkirchen
8262,STM,Ilz
8263,STM,Großwilfersdorf
8264,STM,Hainersdorf
8265,STM,Großsteinbach
8266,STM,Nestelbach im Ilztal
8271,STM,Bad Waltersdorf
8272,STM,Sebersdorf
8273,STM,Ebersdorf
8274,STM,Buch
8280,STM,Fürstenfeld
8282,STM,Loipersdorf bei Fürstenfeld
8283,STM,Bad Blumau
8291,STM,Burgau
8292,STM,Neudau
8293,STM,Wörth an der Lafnitz
8294,STM,Unterrohr
8295,STM,St. Johann in der Haide
8301,STM,Laßnitzhöhe
8302,STM,Nestelbach bei Graz
8311,STM,Markt Hartmannsdorf
8312,STM,Ottendorf an der Rittschein
8313,STM,Breitenfeld an der Rittschein
8321,STM,St. Margarethen an der Raab
8322,STM,Studenzen
8323,STM,St. Marein bei Graz
8324,STM,Kirchberg an der Raab
8330,STM,Feldbach
8331,STM,Gossendorf
8332,STM,Edelsbach bei Feldbach
8333,STM,Riegersburg
8334,STM,Lödersdorf
8335,STM,Gniebing
8341,STM,Paldau
8342,STM,Gnas
8343,STM,Trautmannsdorf in Oststeiermark
8344,STM,Bad Gleichenberg
8345,STM,Straden
8350,STM,Fehring
8352,STM,Unterlamm
8353,STM,Kapfenstein
8354,STM,St. Anna am Aigen
8355,STM,Tieschen
8361,STM,Hatzendorf
8362,STM,Söchau
8363,STM,Übersbach
8380,BGL,Jennersdorf
8382,BGL,Mogersdorf
8383,BGL,St. Martin an der Raab
8384,BGL,Minihof-Liebau
8385,BGL,Neuhaus am Klausenbach
8401,STM,Kalsdorf bei Graz
8402,STM,Werndorf
8403,STM,Lebring
8404,STM,Kalsdorf bei Graz
8410,STM,Wildon
8411,STM,Hengsberg
8412,STM,Allerheiligen bei Wildon
8413,STM,St. Georgen an der Stiefing
8421,STM,Wolfsberg im Schwarzautal
8422,STM,St. Nikolai ob Draßling
8423,STM,St. Veit am Vogau
8424,STM,Gabersdorf
8430,STM,Leibnitz
8431,STM,Gralla
8432,STM,Kaindorf an der Sulm
8433,STM,Leibnitz
8434,STM,Tillmitsch Links der Laßnitz
8435,STM,Wagna
8441,STM,Fresing
8442,STM,Kitzeck im Sausal
8443,STM,Gleinstätten
8444,STM,St. Andrä im Sausal
8451,STM,Heimschuh
8452,STM,Großklein
8453,STM,St. Johann im Saggautal
8454,STM,Arnfels
8455,STM,Oberhaag
8461,STM,Ehrenhausen
8462,STM,Gamlitz
8463,STM,Leutschach
8471,STM,Spielfeld
8472,STM,Straß in Steiermark
8473,STM,Weitersfeld an der Mur
8480,STM,Mureck
8481,STM,Weinburg am Saßbach
8482,STM,Gosdorf
8483,STM,Deutsch Goritz
8484,STM,Unterpurkla
8490,STM,Bad Radkersburg
8492,STM,Halbenrain
8493,STM,Klöch
8501,STM,Lieboch
8502,STM,Lannach
8503,STM,St. Josef Weststeiermark
8504,STM,Preding
8505,STM,St. Nikolai im Sausal
8506,STM,Mettersdorf
8510,STM,Stainz
8511,STM,St. Stefan ob Stainz
8521,STM,Wettmannstätten
8522,STM,Groß St. Florian
8523,STM,Frauental an der Laßnitz
8524,STM,Bad Gams
8530,STM,Deutschlandsberg
8541,STM,Schwanberg
8542,STM,St. Peter im Sulmtal
8543,STM,St. Martin im Sulmtal
8544,STM,Pölfing-Brunn
8551,STM,Wies
8552,STM,Eibiswald
8553,STM,St. Oswald ob Eibiswald
8554,STM,Soboth
8555,STM,Wernersdorf
8556,STM,Aibl
8561,STM,Söding
8562,STM,Mooskirchen
8563,STM,Ligist
8564,STM,Krottendorf-Gaisfeld
8565,STM,St. Johann ob Hohenburg
8570,STM,Voitsberg
8571,STM,Bärnbach
8572,STM,Bärnbach
8573,STM,Kainach bei Voitsberg
8580,STM,Köflach
8581,STM,Köflach-Pichling
8582,STM,Rosental an der Kainach
8583,STM,Edelschrott
8584,STM,Hirschegg
8591,STM,Maria Lankowitz
8592,STM,Salla
8593,STM,Graden
8600,STM,Bruck an der Mur
8601,STM,Bruck an der Mur
8605,STM,Kapfenberg
8606,STM,Kapfenberg
8607,STM,Kapfenberg
8608,STM,Parschlug
8611,STM,St. Katharein an der Laming
8612,STM,Tragöß-Oberort
8614,STM,Breitenau
8616,STM,Gasen
8621,STM,Thörl
8622,STM,Etmißl
8623,STM,Aflenz Kurort
8624,STM,Au
8625,STM,Turnau
8630,STM,Mariazell
8632,STM,Gußwerk
8634,STM,Wegscheid
8635,STM,Gollrad
8636,STM,Seewiesen
8641,STM,St. Marein im Mürztal
8642,STM,St. Lorenzen im Mürztal
8643,STM,Allerheiligen im Mürztal
8644,STM,Mürzhofen
8650,STM,Kindberg
8652,STM,Kindberg-Aumühl
8653,STM,Stanz im Mürztal
8654,STM,Fischbach
8661,STM,Wartberg im Mürztal
8662,STM,Mitterdorf im Mürztal
8663,STM,Dorf Veitsch
8664,STM,Großveitsch
8665,STM,Langenwang
8670,STM,Krieglach
8671,STM,Alpl
8672,STM,St. Kathrein am Hauenstein
8673,STM,Ratten
8674,STM,Rettenegg
8680,STM,Mürzzuschlag
8682,STM,Mürzzuschlag-Hönigsberg
8684,STM,Spital am Semmering
8685,STM,Steinhaus am Semmering
8690,STM,Altenberg an der Rax
8691,STM,Kapellen
8692,STM,Neuberg an der Mürz
8693,STM,Mürzsteg
8694,STM,Frein an der Mürz
8700,STM,Leoben
8701,STM,Leoben
8704,STM,Leoben
8707,STM,Leoben
8709,STM,Leoben-Lerchenfeld
8712,STM,Niklasdorf
8713,STM,St. Stefan ob Leoben
8714,STM,Kraubath an der Mur
8715,STM,St. Lorenzen bei Knittelfeld
8720,STM,Knittelfeld
8722,STM,Knittelfeld
8723,STM,Kobenz
8724,STM,Spielberg
8731,STM,Bischoffeld
8732,STM,Seckau
8733,STM,St. Marein bei Knittelfeld
8734,STM,Großlobming
8740,STM,Zeltweg
8741,STM,Weißkirchen in Steiermark
8742,STM,Obdach
8743,STM,Eppenstein
8750,STM,Judenburg
8751,STM,Judenburg - Murdorf
8753,STM,Fohnsdorf
8754,STM,Thalheim
8755,STM,St. Peter ob Judenburg
8756,STM,St. Georgen ob Judenburg
8761,STM,Pöls
8762,STM,Oberzeiring
8763,STM,Möderbrugg
8764,STM,Pusterwald
8765,STM,St. Johann am Tauern
8766,STM,Bretstein
8770,STM,St. Michael in Obersteiermark
8772,STM,Timmersdorf
8773,STM,Kammern im Liesingtal
8774,STM,Mautern in Steiermark
8775,STM,Kalwang
8781,STM,Wald am Schoberpaß
8782,STM,Treglwang
8783,STM,Gaishorn am See
8784,STM,Trieben
8785,STM,Hohentauern
8786,STM,Rottenmann
8790,STM,Eisenerz
8792,STM,St. Peter-Freienstein
8793,STM,Trofaiach
8794,STM,Vordernberg
8795,STM,Radmer
8800,STM,Unzmarkt
8811,STM,Scheifling
8812,STM,Mariahof
8813,STM,St. Lambrecht
8820,STM,Neumarkt in Steiermark
8822,STM,Mühlen
8831,STM,Niederwölz
8832,STM,Oberwölz
8833,STM,Teufenbach
8841,STM,Frojach
8842,STM,Katsch an der Mur
8843,STM,St. Peter am Kammersberg
8844,STM,Schöder
8850,STM,Murau
8852,STM,Stolzalpe
8853,STM,Ranten
8854,STM,Krakaudorf
8861,STM,St. Georgen ob Murau
8862,STM,Stadl an der Mur
8863,STM,Predlitz
8864,STM,Turrach
8900,STM,Selzthal
8903,STM,Lassing
8904,STM,Ardning
8911,STM,Admont
8912,STM,Johnsbach
8913,STM,Weng
8920,STM,Hieflau
8921,STM,Lainbach
8922,STM,Gams bei Hieflau
8923,STM,Palfau
8924,STM,Wildalpen
8931,STM,Landl
8932,STM,Weißenbach an der Enns
8933,STM,St. Gallen
8934,STM,Altenmarkt bei St. Gallen
8940,STM,Liezen
8941,STM,Weißenbach bei Liezen
8942,STM,Wörschach
8943,STM,Aigen im Ennstal
8950,STM,Stainach
8951,STM,Trautenfels
8952,STM,Irdning
8953,STM,Donnersbach
8954,STM,St. Martin am Grimming
8960,STM,Öblarn
8961,STM,Stein an der Enns
8962,STM,Gröbming
8963,STM,Sankt Nikolai im Sölktal
8965,STM,Pruggern
8966,STM,Aich-Assach
8967,STM,Haus
8970,STM,Schladming
8971,STM,Rohrmoos-Untertal
8972,STM,Ramsau
8973,STM,Pichl
8974,STM,Mandling
8982,STM,Tauplitz
8983,STM,Bad Mitterndorf
8984,STM,Kainisch
8990,STM,Bad Aussee
8992,STM,Altaussee
8993,STM,Grundlsee
9000,KNT,Villach
9010,KNT,Klagenfurt am Wörthersee
9013,KNT,Klagenfurt am Wörthersee
9020,KNT,Klagenfurt am Wörthersee
9021,KNT,Klagenfurt am Wörthersee Postfach
9022,KNT,Klagenfurt am Wörthersee
9023,KNT,Klagenfurt am Wörthersee
9024,KNT,Klagenfurt am Wörthersee
9025,KNT,Klagenfurt am Wörthersee
9026,KNT,Klagenfurt am Wörthersee
9027,KNT,Klagenfurt am Wörthersee
9028,KNT,Klagenfurt am Wörthersee
9029,KNT,Klagenfurt am Wörthersee
9031,KNT,Klagenfurt
9033,KNT,Klagenfurt
9034,KNT,Klagenfurt
9035,KNT,Klagenfurt
9061,KNT,Klagenfurt-Wölfnitz
9062,KNT,Moosburg
9063,KNT,Maria Saal
9064,KNT,Pischeldorf
9065,KNT,Ebenthal
9071,KNT,Köttmannsdorf
9072,KNT,Ludmannsdorf
9073,KNT,Klagenfurt-Viktring
9074,KNT,Keutschach
9081,KNT,Reifnitz
9082,KNT,Maria Wörth
9100,KNT,Völkermarkt
9102,KNT,Mittertrixen
9103,KNT,Diex
9104,KNT,Pustritz
9111,KNT,Haimburg
9112,KNT,Griffen
9113,KNT,Ruden
9121,KNT,Tainach
9122,KNT,St. Kanzian am Klopeiner See
9123,KNT,St. Primus
9125,KNT,Kühnsdorf
9130,KNT,Poggersdorf
9131,KNT,Grafenstein
9132,KNT,Gallizien
9133,KNT,Miklauzhof
9135,KNT,Bad Eisenkappel
9141,KNT,Eberndorf
9142,KNT,Globasnitz
9143,KNT,St. Michael ob Bleiburg
9150,KNT,Bleiburg
9155,KNT,Neuhaus
9161,KNT,Maria Rain
9162,KNT,Strau
9163,KNT,Unterbergen
9170,KNT,Ferlach
9171,KNT,Waidisch
9172,KNT,Zell-Pfarre
9173,KNT,St. Margareten im Rosental
9181,KNT,Feistritz im Rosental
9182,KNT,Maria Elend
9183,KNT,Rosenbach
9184,KNT,St. Jakob im Rosental
9201,KNT,Krumpendorf
9210,KNT,Pörtschach am Wörther See
9212,KNT,Techelsberg am Wörther See
9220,KNT,Velden am Wörther See
9231,KNT,Köstenberg
9232,KNT,Rosegg
9241,KNT,Wernberg
9300,KNT,St. Veit an der Glan
9302,KNT,St. Veit an der Glan
9311,KNT,Kraig
9312,KNT,Meiselding
9313,KNT,St. Georgen am Längsee
9314,KNT,Launsdorf
9321,KNT,Kappel am Krappfeld
9322,KNT,Micheldorf
9323,STM,Wildbad Einöd
9324,KNT,Passering
9330,KNT,Treibach-Althofen
9334,KNT,Guttaring
9335,KNT,Lölling
9341,KNT,Straßburg
9342,KNT,Gurk
9343,KNT,Zweinitz
9344,KNT,Weitensfeld
9345,KNT,Kleinglödnitz
9346,KNT,Glödnitz
9360,KNT,Friesach
9361,KNT,St. Salvator
9362,KNT,Grades
9363,KNT,Metnitz
9371,KNT,Brückl
9372,KNT,Eberstein
9373,KNT,Klein St. Paul
9374,KNT,Wieting
9375,KNT,Hüttenberg
9376,KNT,Knappenberg
9400,KNT,Wolfsberg
9402,KNT,'Wolfsberg, Kärnten'
9411,KNT,St. Michael
9412,KNT,St. Margarethen im Lavanttal
9413,KNT,St. Gertraud
9421,KNT,Eitweg
9422,KNT,Maria Rojach
9423,KNT,St. Georgen
9431,KNT,St. Stefan
9433,KNT,St. Andrä
9441,KNT,Twimberg
9451,KNT,Preitenegg
9461,KNT,Prebl
9462,KNT,Bad St. Leonhard im Lavanttal
9463,KNT,Reichenfels
9470,KNT,St. Paul im Lavanttal
9472,KNT,Ettendorf
9473,KNT,Lavamünd
9500,KNT,Villach
9501,KNT,Villach
9502,KNT,Villach
9503,KNT,Villach
9504,KNT,Villach-Warmbad Villach
9505,KNT,Villach
9507,KNT,Villach
9508,KNT,Villach
9509,KNT,Zauchen
9510,KNT,Villach
9520,KNT,Sattendorf
9521,KNT,Treffen
9523,KNT,Villach-Landskron
9524,KNT,Villach-St. Magdalen
9530,KNT,Bad Bleiberg
9531,KNT,Kreuth
9535,KNT,Schiefling am Wörthersee
9536,KNT,St. Egyden
9541,KNT,Einöde
9542,KNT,Afritz
9543,KNT,Arriach
9544,KNT,Feld am See
9545,KNT,Radenthein
9546,KNT,Bad Kleinkirchheim
9551,KNT,Bodensdorf
9552,KNT,Steindorf am Ossiacher See
9554,KNT,St. Urban
9555,KNT,Glanegg
9556,KNT,Liebenfels
9560,KNT,Feldkirchen in Kärnten
9562,KNT,Himmelberg
9563,KNT,Gnesau
9564,KNT,Patergassen
9565,KNT,Ebene Reichenau
9570,KNT,Ossiach
9571,KNT,Sirnitz
9572,KNT,Deutsch Griffen
9580,KNT,Villach-Drobollach am Faaker See
9581,KNT,Ledenitzen
9582,KNT,Latschach
9583,KNT,Faak am See
9584,KNT,Finkenstein
9585,KNT,Gödersdorf
9586,KNT,Fürnitz
9587,KNT,Riegersdorf
9601,KNT,Arnoldstein
9602,KNT,Thörl-Maglern
9611,KNT,Nötsch
9612,KNT,St. Georgen im Gailtal
9613,KNT,Feistritz an der Gail
9614,KNT,Vorderberg
9615,KNT,Görtschach
9620,KNT,Hermagor
9622,KNT,Weißbriach
9623,KNT,St. Stefan an der Gail
9624,KNT,Egg
9625,KNT,St. Stefan an der Gail
9631,KNT,Jenig
9632,KNT,Kirchbach
9633,KNT,Reisach
9634,KNT,Gundersheim
9635,KNT,Dellach
9640,KNT,Kötschach-Mauthen
9642,KNT,Laas
9651,KNT,St. Jakob im Lesachtal
9652,KNT,Birnbaum
9653,KNT,Liesing
9654,KNT,St. Lorenzen im Lesachtal
9655,KNT,Maria Luggau
9701,KNT,Rothenthurn
9702,KNT,Ferndorf
9710,KNT,Feistritz an der Drau
9711,KNT,Paternion
9712,KNT,Fresach
9713,KNT,Zlan
9714,KNT,Stockenboi
9721,KNT,Weißenstein
9722,KNT,Gummern
9751,KNT,Sachsenburg
9753,KNT,Lind im Drautal
9754,KNT,Steinfeld
9761,KNT,Greifenburg
9762,KNT,Weißensee
9771,KNT,Berg im Drautal
9772,KNT,Dellach
9773,KNT,Irschen
9774,KNT,Simmerlach
9781,KNT,Oberdrauburg
9782,TIR,Nikolsdorf
9800,KNT,Spittal an der Drau
9802,KNT,Spittal an der Drau
9803,KNT,Spittal an der Drau
9805,KNT,Baldramsdorf
9811,KNT,Lendorf
9812,KNT,Pusarnitz
9813,KNT,Möllbrücke
9814,KNT,Mühldorf
9815,KNT,Kolbnitz
9816,KNT,Penk
9821,KNT,Obervellach
9822,KNT,Mallnitz
9831,KNT,Flattach
9832,KNT,Stall
9833,KNT,Rangersdorf
9841,KNT,Winklern
9842,KNT,Mörtschach
9843,KNT,Großkirchheim
9844,KNT,Heiligenblut
9851,KNT,Lieserbrücke
9852,KNT,Trebesing
9853,KNT,Gmünd
9854,KNT,Malta
9861,KNT,Eisentratten
9862,KNT,Kremsbrücke
9863,KNT,Rennweg
9871,KNT,Seeboden
9872,KNT,Millstatt
9873,KNT,Döbriach
9900,TIR,Lienz
9903,TIR,Oberlienz
9904,TIR,Thurn
9905,TIR,Gaimberg
9906,TIR,Lavant
9907,TIR,Tristach
9908,TIR,Amlach
9909,TIR,Leisach
9911,TIR,Assling
9912,TIR,Anras
9913,TIR,Abfaltersbach
9918,TIR,Strassen
9919,TIR,Heinfels
9920,TIR,Sillian
9922,TIR,Strassen
9931,TIR,Außervillgraten
9932,TIR,Innervillgraten
9941,TIR,Kartitsch
9942,TIR,Obertilliach
9943,TIR,Untertilliach
9951,TIR,Ainet
9952,TIR,St. Johann im Walde
9954,TIR,Schlaiten
9961,TIR,Hopfgarten in Defereggen
9962,TIR,St. Veit in Defereggen
9963,TIR,St. Jakob in Defereggen
9971,TIR,Matrei in Osttirol
9972,TIR,Virgen
9974,TIR,Prägraten
9981,TIR,Kals
9990,TIR,Nußdorf-Debant
9991,TIR,Dölsach
9992,TIR,Iselsberg-Stronach